{
  "dataset": "busi",
  "mode": "oracle",
  "fold": 3,
  "run_dir": "<LOCAL_THYROID_ROOT>\\busi_roi_runs_ggg_mca_clean_5fold_safe\\20260426_185347",
  "data_root": "<LOCAL_THYROID_ROOT>\\busi\\busi_voc_v3_square_consistent",
  "used_ckpts": [
    "<LOCAL_THYROID_ROOT>\\busi_roi_runs_ggg_mca_clean_5fold_safe\\20260426_185347\\epoch122_auc_0.8902.pth",
    "<LOCAL_THYROID_ROOT>\\busi_roi_runs_ggg_mca_clean_5fold_safe\\20260426_185347\\epoch114_auc_0.8898.pth",
    "<LOCAL_THYROID_ROOT>\\busi_roi_runs_ggg_mca_clean_5fold_safe\\20260426_185347\\epoch113_auc_0.8894.pth"
  ],
  "temperature": 2.001189708709717,
  "threshold": 0.46,
  "threshold_info": {
    "threshold": 0.46,
    "bal_acc": 0.8455528846153846,
    "f1_macro": 0.8523751023751024,
    "acc": 0.8640776699029126,
    "auc": 0.8878205128205128,
    "recall_0": 0.921875,
    "recall_1": 0.7692307692307693,
    "tn": 59,
    "fp": 5,
    "fn": 9,
    "tp": 30
  }
}