{
  "dataset": "aul",
  "mode": "oracle",
  "fold": 2,
  "run_dir": "<LOCAL_THYROID_ROOT>\\aul_roi_runs_ggg_mca_clean_5fold_safe\\20260426_200911",
  "data_root": "<LOCAL_THYROID_ROOT>\\aul\\aul_voc_roi_v1",
  "used_ckpts": [
    "<LOCAL_THYROID_ROOT>\\aul_roi_runs_ggg_mca_clean_5fold_safe\\20260426_200911\\epoch003_auc_0.9516.pth",
    "<LOCAL_THYROID_ROOT>\\aul_roi_runs_ggg_mca_clean_5fold_safe\\20260426_200911\\epoch001_auc_0.9510.pth"
  ],
  "temperature": 0.05298493430018425,
  "threshold": 0.86,
  "threshold_info": {
    "threshold": 0.86,
    "bal_acc": 0.9556962025316456,
    "f1_macro": 0.9107834562039235,
    "acc": 0.9313725490196079,
    "auc": 0.9504678040726472,
    "recall_0": 1.0,
    "recall_1": 0.9113924050632911,
    "tn": 23,
    "fp": 0,
    "fn": 7,
    "tp": 72
  }
}