{
  "dataset": "busi",
  "mode": "oracle",
  "fold": 4,
  "run_dir": "<LOCAL_THYROID_ROOT>\\busi_roi_runs_ggg_mca_clean_5fold_safe\\20260426_192506",
  "data_root": "<LOCAL_THYROID_ROOT>\\busi\\busi_voc_v3_square_consistent",
  "used_ckpts": [
    "<LOCAL_THYROID_ROOT>\\busi_roi_runs_ggg_mca_clean_5fold_safe\\20260426_192506\\epoch200_auc_0.9440.pth",
    "<LOCAL_THYROID_ROOT>\\busi_roi_runs_ggg_mca_clean_5fold_safe\\20260426_192506\\epoch187_auc_0.9433.pth",
    "<LOCAL_THYROID_ROOT>\\busi_roi_runs_ggg_mca_clean_5fold_safe\\20260426_192506\\epoch185_auc_0.9425.pth"
  ],
  "temperature": 1.593265175819397,
  "threshold": 0.77,
  "threshold_info": {
    "threshold": 0.77,
    "bal_acc": 0.8807539682539682,
    "f1_macro": 0.8859357696566998,
    "acc": 0.8932038834951457,
    "auc": 0.9448412698412698,
    "recall_0": 0.9365079365079365,
    "recall_1": 0.825,
    "tn": 59,
    "fp": 4,
    "fn": 7,
    "tp": 33
  }
}