{
  "dataset": "aul",
  "mode": "full",
  "fold": 2,
  "run_dir": "C:\\Users\\Afr1ste\\PycharmProjects\\Thyroid\\aul_roi_runs_ggg_mca_clean_5fold_safe\\20260426_200911",
  "data_root": "C:\\Users\\Afr1ste\\PycharmProjects\\Thyroid\\aul\\aul_voc_roi_v1",
  "used_ckpts": [
    "C:\\Users\\Afr1ste\\PycharmProjects\\Thyroid\\aul_roi_runs_ggg_mca_clean_5fold_safe\\20260426_200911\\epoch003_auc_0.9516.pth",
    "C:\\Users\\Afr1ste\\PycharmProjects\\Thyroid\\aul_roi_runs_ggg_mca_clean_5fold_safe\\20260426_200911\\epoch001_auc_0.9510.pth"
  ],
  "temperature": 0.11944908648729324,
  "threshold": 0.78,
  "threshold_info": {
    "threshold": 0.78,
    "bal_acc": 0.7157402311502477,
    "f1_macro": 0.6993464052287581,
    "acc": 0.7745098039215687,
    "auc": 0.7605943863511282,
    "recall_0": 0.6086956521739131,
    "recall_1": 0.8227848101265823,
    "tn": 14,
    "fp": 9,
    "fn": 14,
    "tp": 65
  }
}