dataset,input,auc_mean,auc_std,bal_acc_mean,bal_acc_std,f1_mean,f1_std,acc_mean,acc_std,n_runs,case_avg_auc,case_avg_bal_acc
BUSI,oracle_roi,0.8484673221515328,0.003010853692266159,0.785106998264893,0.01178702682500983,0.7695498240572137,0.0190019044752686,0.7984496124031008,0.021370618220294953,5,0.8499132446500868,0.8003181029496819
BUSI,auto_roi,0.8392712550607289,0.0032481483128048525,0.7809427414690572,0.004396175117434356,0.7667342984069506,0.01641243086832332,0.7968992248062016,0.02214396411951272,5,0.8441295546558705,0.8222961249277039
BUSI,full_image,0.7575477154424523,0.008446167875057857,0.7064488143435511,0.02130396909991715,0.6710015243348139,0.05008835734501083,0.6961240310077519,0.06228623078015709,5,0.7596876807403122,0.7179005205320994
AUL,oracle_roi,0.8247535596933186,0.004319111534092094,0.7407174151150054,0.04793869097298678,0.7214859253233487,0.06296750531451395,0.7322834645669292,0.06882448309736111,5,0.8261226725082147,0.8321467688937568
AUL,auto_roi,0.8093647316538883,0.0204920288333321,0.7357612267250822,0.060185925270482735,0.7124491845357565,0.08312721051766472,0.7244094488188977,0.09196095320098538,5,0.8173603504928807,0.8020262869660459
AUL,full_image,0.7103504928806132,0.016202708327630877,0.6267524644030669,0.028568946129874203,0.6307402746981862,0.029875092986361745,0.6866141732283465,0.02606763048385332,5,0.7086527929901424,0.702354874041621
