dataset,ece,brier,auc_ci,bal_acc_ci
TN5000,0.022576290528218464,0.06624649117927743,"0.960 [0.946, 0.973]","0.909 [0.892, 0.930]"
BUSI,0.05384277327856151,0.17700144533457568,"0.850 [0.756, 0.932]","0.800 [0.746, 0.884]"
AUL,0.14739107536518664,0.19785255319093464,"0.826 [0.733, 0.903]","0.832 [0.760, 0.902]"
