dataset,n_cases,auc,auc_ci_low,auc_ci_high,bal_acc,bal_acc_ci_low,bal_acc_ci_high,sensitivity,specificity,ppv,npv,threshold,ece,brier
TN5000,1000,0.9599532763476358,0.9458156739811913,0.973146368804548,0.9090868594677266,0.8924329347123465,0.9297725395991292,0.8929068150208623,0.9252669039145908,0.9683257918552036,0.771513353115727,0.8030859033266703,0.022576290528218464,0.06624649117927743
BUSI,129,0.8499132446500868,0.7558922558922557,0.9317241379310344,0.8003181029496819,0.7458871915393654,0.8843465045592704,0.7105263157894737,0.8901098901098901,0.7297297297297297,0.8804347826086957,0.7233689069747925,0.05384277327856151,0.17700144533457568
AUL,127,0.8261226725082147,0.7327141382868938,0.9028556858745538,0.8321467688937568,0.7601626016260162,0.9024422973698336,0.891566265060241,0.7727272727272727,0.8809523809523809,0.7906976744186046,0.7989173173904419,0.14739107536518664,0.19785255319093464
