dataset,method,auc_mean,auc_std,bal_acc_mean,bal_acc_std,f1_mean,f1_std,acc_mean,acc_std,n_runs
TN5000,ConvNeXt-Tiny,0.9508395243822563,0.0020331076336242604,0.8793904477188398,0.0023309215954270437,0.8730721596486081,0.006590555087494991,0.8956666666666667,0.00654896090146284,3
TN5000,UL-TransXNet,0.9532070540836175,0.002661766413507026,0.8851442873240645,0.011313823181126297,0.875233129382074,0.005517072778671692,0.8966666666666667,0.006798692684790386,3
BUSI,Swin-T,0.8190283400809716,0.00910338841817388,0.7137362637362638,0.009546330311491295,0.6896242038162369,0.02999430501393331,0.7193798449612403,0.04450449641676689,5
BUSI,UL-TransXNet,0.8484673221515328,0.003010853692266159,0.785106998264893,0.01178702682500983,0.7695498240572137,0.0190019044752686,0.7984496124031008,0.021370618220294953,5
AUL,Swin-T,0.8318729463307777,0.011711157655705217,0.7783132530120482,0.03252251341017721,0.7588891806468118,0.024342315208988042,0.7716535433070866,0.02112820136220275,5
AUL,UL-TransXNet,0.8247535596933186,0.004319111534092094,0.7407174151150054,0.04793869097298678,0.7214859253233487,0.06296750531451395,0.7322834645669292,0.06882448309736111,5
