dataset,transxnet_auc,transxnet_bal_acc,ul_auc,ul_bal_acc,delta_auc,delta_bal_acc
TN5000,0.9482938112608622,0.8726062789857404,0.9532070540836175,0.8851442873240645,0.004913242822755293,0.01253800833832408
BUSI,0.7909774436090224,0.714864083285136,0.8484673221515328,0.785106998264893,0.05748987854251031,0.0702429149797571
AUL,0.7934282584884994,0.7443866374589266,0.8247535596933186,0.7407174151150054,0.031325301204819245,-0.003669222343921197
