dataset,metric,n_pairs,mean_delta,p_signflip,all_deltas
TN5000,auc,3,0.00491324282275533,0.25,0.006712;0.001807;0.006222
TN5000,bal_acc,3,0.01253800833832408,0.25,0.024032;0.005011;0.008570
BUSI,auc,5,0.05748987854251022,0.0625,0.124639;0.071718;0.048583;0.011567;0.030943
BUSI,bal_acc,5,0.0702429149797571,0.0625,0.091238;0.088780;0.052632;0.080249;0.038317
AUL,auc,5,0.031325301204819266,0.0625,0.020537;0.046276;0.042169;0.017798;0.029847
AUL,bal_acc,5,-0.0036692223439211747,1.0,0.036145;-0.081736;0.034091;-0.006024;-0.000821
