{
  "dataset": "aul",
  "mode": "full",
  "fold": 1,
  "run_dir": "C:\\Users\\Afr1ste\\PycharmProjects\\Thyroid\\aul_roi_runs_ggg_mca_clean_5fold_safe\\20260426_200747",
  "data_root": "C:\\Users\\Afr1ste\\PycharmProjects\\Thyroid\\aul\\aul_voc_roi_v1",
  "used_ckpts": [
    "C:\\Users\\Afr1ste\\PycharmProjects\\Thyroid\\aul_roi_runs_ggg_mca_clean_5fold_safe\\20260426_200747\\epoch001_auc_0.7681.pth"
  ],
  "temperature": 0.11548081040382385,
  "threshold": 0.72,
  "threshold_info": {
    "threshold": 0.72,
    "bal_acc": 0.6353330184222957,
    "f1_macro": 0.6292594275329395,
    "acc": 0.6862745098039216,
    "auc": 0.6584789796882381,
    "recall_0": 0.5172413793103449,
    "recall_1": 0.7534246575342466,
    "tn": 15,
    "fp": 14,
    "fn": 18,
    "tp": 55
  }
}